  LXTHIRD_QW_IF__v18-01c    , COMP_2025JAN30  
  TAFFMAT_FILE:      003_40_MPH_rion_2_WR_001_20200522_011312_0001-LX01.DAT
  CHANNEL=             2
  CHANNEL_DESCRIPTION= Triax 2 Y
  RMS LEVEL VS TIME
  RMS AVERAGING TIME: SEC    1.000000    
  WEIGHTING DEFINED IN CAL FILE: DISPWT
  DT=                  1.9531250E-05
  HIPASS=               1.000000    
  LOPASS=               10000.00    
  GAIN=                 1.000000    
  TITL00=            Rion 2
  TITL01=            Title Block 1
  FRAC-OCT_FREQENCY=    1000.000      BW=    0.3330000      ORDER=            6
  RIDE_ACCELERATION_IN_PHYSICAL_UNITS
  4th_POWER_DOSE_DATA_IN_VDV
Number  ,Description                   ,Comment                       ,GAIN    ,TYPE,Int_Time ,Speed   ,Chan,Type,Units   ,Reference ,SENS      ,FILTER_,Min_Oct  ,   0.2    ,   0.25   ,   0.316  ,   0.4    ,   0.5    ,   0.63   ,   0.8    ,   1      ,   1.25   ,    1.6   ,      2   ,    2.5   ,   3.15   ,      4   ,      5   ,    6.3   ,      8   ,     10   ,   12.5   ,     16   ,     20   ,     25   ,   31.5   ,     40   ,     50   ,     63   ,     80   ,    100    ,   A-WT   ,   C-WT   ,   F-WT   ,     OA   , F-PEAK   , ISO-WB   , ISO-WK   , ISO-WC   , ISO-WD   ,  EN-WP   ,  EN-WB    , WPMAX    , WPMIN    , WPABS    , WPLIN, WK4th_VDV, WD4th_VDV
    4406.747,Triax 2 Y_Rion2,003_40_MPH_rion_2_WR_001_20200522_011312_0001-LX01_05m22d2020y01:13:19.373,     0.0,GAIN,   1.000,    0.00,  2,DATA,    NONE, 1.000E-06, 1.020E-02,3RD_OCT, 0.25 ,  45.6    ,  52.6    ,  47.4    ,  58.3    ,  62.2    ,  69.3    ,  77.0    ,  81.1    ,  81.6    ,  73.0    ,  72.5    ,  66.4    ,  69.1    ,  72.2    ,  61.9    ,  67.7    ,  67.5    ,  71.1    ,  79.9    ,  100.    ,  95.5    ,  84.1    ,  84.2    ,  88.1    ,  79.3    ,  84.7    ,  83.7    ,  77.8    ,  94.1    ,  98.6    ,  104.    ,  104.    ,  114.    , 0.112    , 0.105    , 7.022E-02, 1.849E-02, 1.760E-02, 0.111    , 4.283E-02,-4.323E-02, 4.323E-02, 4.935E-04, 0.129    , 2.327E-02,
    4407.747,Triax 2 Y_Rion2,003_40_MPH_rion_2_WR_001_20200522_011312_0001-LX01_05m22d2020y01:13:20.373,     0.0,GAIN,   1.000,    0.00,  2,DATA,    NONE, 1.000E-06, 1.020E-02,3RD_OCT, 0.25 ,  43.7    ,  50.2    ,  50.9    ,  64.7    ,  68.7    ,  76.3    ,  80.3    ,  84.2    ,  83.6    ,  69.1    ,  60.6    ,  67.8    ,  68.1    ,  68.4    ,  59.7    ,  62.2    ,  76.6    ,  71.0    ,  84.1    ,  102.    ,  92.9    ,  84.8    ,  89.5    ,  90.2    ,  79.7    ,  78.2    ,  83.9    ,  80.2    ,  94.4    ,  98.5    ,  102.    ,  103.    ,  114.    , 8.777E-02, 8.186E-02, 5.466E-02, 1.463E-02, 1.648E-02, 8.691E-02, 3.967E-02,-2.698E-02, 3.967E-02, 7.727E-03, 0.104    , 1.835E-02,
    4408.747,Triax 2 Y_Rion2,003_40_MPH_rion_2_WR_001_20200522_011312_0001-LX01_05m22d2020y01:13:21.373,     0.0,GAIN,   1.000,    0.00,  2,DATA,    NONE, 1.000E-06, 1.020E-02,3RD_OCT, 0.25 ,  40.6    ,  38.6    ,  56.8    ,  69.2    ,  73.8    ,  80.4    ,  83.6    ,  85.0    ,  80.7    ,  70.5    ,  65.0    ,  66.0    ,  57.0    ,  59.8    ,  55.1    ,  71.1    ,  76.1    ,  78.5    ,  84.1    ,  93.2    ,  87.5    ,  80.5    ,  89.2    ,  89.1    ,  77.7    ,  75.6    ,  81.3    ,  81.2    ,  94.9    ,  97.3    ,  99.4    ,  99.5    ,  111.    , 4.692E-02, 4.325E-02, 2.953E-02, 8.791E-03, 1.369E-02, 4.640E-02, 3.063E-02,-1.175E-02, 3.063E-02, 1.041E-02, 5.538E-02, 1.112E-02,
    4409.747,Triax 2 Y_Rion2,003_40_MPH_rion_2_WR_001_20200522_011312_0001-LX01_05m22d2020y01:13:22.373,     0.0,GAIN,   1.000,    0.00,  2,DATA,    NONE, 1.000E-06, 1.020E-02,3RD_OCT, 0.25 ,  53.2    ,  52.8    ,  59.9    ,  71.9    ,  77.7    ,  81.8    ,  85.4    ,  83.7    ,  76.6    ,  69.8    ,  66.3    ,  66.3    ,  53.8    ,  57.2    ,  63.3    ,  71.3    ,  79.4    ,  86.0    ,  83.8    ,  97.7    ,  92.6    ,  85.2    ,  91.1    ,  90.0    ,  78.2    ,  78.7    ,  83.2    ,  83.0    ,  95.9    ,  99.4    ,  104.    ,  104.    ,  114.    , 0.107    , 0.100    , 6.827E-02, 1.799E-02, 1.836E-02, 0.105    , 3.807E-02,-4.798E-02, 4.798E-02,-4.010E-03, 0.124    , 2.198E-02,
    4410.747,Triax 2 Y_Rion2,003_40_MPH_rion_2_WR_001_20200522_011312_0001-LX01_05m22d2020y01:13:23.373,     0.0,GAIN,   1.000,    0.00,  2,DATA,    NONE, 1.000E-06, 1.020E-02,3RD_OCT, 0.25 ,  54.4    ,  59.3    ,  68.5    ,  74.7    ,  80.8    ,  84.0    ,  84.3    ,  80.0    ,  69.2    ,  68.1    ,  69.6    ,  66.5    ,  55.9    ,  58.6    ,  64.7    ,  68.3    ,  73.4    ,  92.7    ,  96.3    ,  101.    ,  91.7    ,  82.3    ,  88.3    ,  90.1    ,  80.1    ,  76.8    ,  81.4    ,  82.3    ,  96.3    ,  99.0    ,  104.    ,  104.    ,  115.    , 0.118    , 0.114    , 8.157E-02, 2.192E-02, 2.336E-02, 0.116    , 7.231E-02,-4.918E-02, 7.231E-02, 1.151E-02, 0.157    , 3.006E-02,
    4411.747,Triax 2 Y_Rion2,003_40_MPH_rion_2_WR_001_20200522_011312_0001-LX01_05m22d2020y01:13:24.373,     0.0,GAIN,   1.000,    0.00,  2,DATA,    NONE, 1.000E-06, 1.020E-02,3RD_OCT, 0.25 ,  54.7    ,  60.8    ,  71.1    ,  78.6    ,  83.0    ,  85.9    ,  84.6    ,  71.8    ,  69.3    ,  69.3    ,  68.9    ,  65.3    ,  61.6    ,  68.9    ,  62.9    ,  73.1    ,  70.1    ,  94.9    ,  99.4    ,  103.    ,  88.3    ,  83.7    ,  87.1    ,  89.7    ,  82.3    ,  81.4    ,  80.3    ,  78.3    ,  95.9    ,  100.    ,  107.    ,  107.    ,  117.    , 0.179    , 0.174    , 0.122    , 3.240E-02, 3.202E-02, 0.177    , 9.214E-02,-6.425E-02, 9.214E-02,-1.690E-03, 0.224    , 4.169E-02,
    4412.747,Triax 2 Y_Rion2,003_40_MPH_rion_2_WR_001_20200522_011312_0001-LX01_05m22d2020y01:13:25.373,     0.0,GAIN,   1.000,    0.00,  2,DATA,    NONE, 1.000E-06, 1.020E-02,3RD_OCT, 0.25 ,  62.8    ,  68.3    ,  72.3    ,  81.9    ,  84.6    ,  85.3    ,  80.3    ,  67.5    ,  65.4    ,  70.9    ,  65.4    ,  63.9    ,  67.6    ,  65.0    ,  67.3    ,  68.0    ,  75.9    ,  89.8    ,  103.    ,  102.    ,  91.9    ,  86.4    ,  90.0    ,  91.0    ,  80.3    ,  80.0    ,  82.6    ,  83.2    ,  96.4    ,  101.    ,  108.    ,  108.    ,  118.    , 0.196    , 0.191    , 0.134    , 3.476E-02, 3.839E-02, 0.193    , 5.492E-02,-0.117    , 0.117    ,-1.368E-02, 0.236    , 4.398E-02,
    4413.747,Triax 2 Y_Rion2,003_40_MPH_rion_2_WR_001_20200522_011312_0001-LX01_05m22d2020y01:13:26.373,     0.0,GAIN,   1.000,    0.00,  2,DATA,    NONE, 1.000E-06, 1.020E-02,3RD_OCT, 0.25 ,  57.6    ,  67.5    ,  78.5    ,  83.4    ,  85.6    ,  83.7    ,  77.0    ,  73.2    ,  65.2    ,  69.5    ,  68.2    ,  64.6    ,  72.4    ,  71.7    ,  66.6    ,  74.2    ,  75.7    ,  83.7    ,  106.    ,  106.    ,  95.5    ,  84.2    ,  89.1    ,  88.6    ,  80.2    ,  83.8    ,  86.6    ,  82.9    ,  96.9    ,  106.    ,  114.    ,  114.    ,  124.    , 0.395    , 0.380    , 0.262    , 6.735E-02, 6.683E-02, 0.390    , 0.165    ,-0.178    , 0.178    ,-4.636E-03, 0.495    , 8.714E-02,
    4414.747,Triax 2 Y_Rion2,003_40_MPH_rion_2_WR_001_20200522_011312_0001-LX01_05m22d2020y01:13:27.373,     0.0,GAIN,   1.000,    0.00,  2,DATA,    NONE, 1.000E-06, 1.020E-02,3RD_OCT, 0.25 ,  66.7    ,  74.0    ,  78.1    ,  83.6    ,  86.1    ,  83.1    ,  66.8    ,  73.0    ,  71.3    ,  69.6    ,  72.7    ,  60.9    ,  73.8    ,  78.5    ,  65.7    ,  74.6    ,  77.1    ,  84.9    ,  97.5    ,  117.    ,  101.    ,  87.0    ,  94.7    ,  90.2    ,  85.5    ,  84.8    ,  85.3    ,  82.3    ,  97.8    ,  109.    ,  117.    ,  117.    ,  125.    , 0.606    , 0.578    , 0.388    , 9.591E-02, 9.678E-02, 0.599    , 0.231    ,-0.166    , 0.231    , 1.674E-02, 0.688    , 0.116    ,
    4415.747,Triax 2 Y_Rion2,003_40_MPH_rion_2_WR_001_20200522_011312_0001-LX01_05m22d2020y01:13:28.373,     0.0,GAIN,   1.000,    0.00,  2,DATA,    NONE, 1.000E-06, 1.020E-02,3RD_OCT, 0.25 ,  66.8    ,  72.6    ,  80.0    ,  84.2    ,  86.2    ,  81.5    ,  67.6    ,  67.3    ,  72.7    ,  71.8    ,  75.2    ,  70.0    ,  81.3    ,  84.2    ,  72.6    ,  74.4    ,  82.0    ,  86.5    ,  93.2    ,  118.    ,  102.    ,  87.7    ,  99.8    ,  88.2    ,  85.3    ,  82.8    ,  88.0    ,  83.1    ,  97.9    ,  110.    ,  118.    ,  118.    ,  126.    , 0.647    , 0.612    , 0.407    , 0.100    , 0.101    , 0.641    , 0.202    ,-0.192    , 0.202    , 9.269E-03, 0.726    , 0.119    ,
    4416.747,Triax 2 Y_Rion2,003_40_MPH_rion_2_WR_001_20200522_011312_0001-LX01_05m22d2020y01:13:29.373,     0.0,GAIN,   1.000,    0.00,  2,DATA,    NONE, 1.000E-06, 1.020E-02,3RD_OCT, 0.25 ,  67.5    ,  77.9    ,  84.0    ,  86.1    ,  85.7    ,  77.9    ,  73.1    ,  64.6    ,  75.2    ,  73.9    ,  73.6    ,  74.8    ,  77.4    ,  83.1    ,  75.1    ,  73.4    ,  75.3    ,  84.1    ,  89.7    ,  111.    ,  102.    ,  85.6    ,  92.1    ,  91.4    ,  83.8    ,  81.8    ,  83.3    ,  82.7    ,  99.2    ,  104.    ,  109.    ,  109.    ,  119.    , 0.193    , 0.179    , 0.119    , 3.071E-02, 3.066E-02, 0.191    , 8.438E-02,-6.732E-02, 8.438E-02, 2.656E-03, 0.232    , 3.904E-02,
    4417.747,Triax 2 Y_Rion2,003_40_MPH_rion_2_WR_001_20200522_011312_0001-LX01_05m22d2020y01:13:30.373,     0.0,GAIN,   1.000,    0.00,  2,DATA,    NONE, 1.000E-06, 1.020E-02,3RD_OCT, 0.25 ,  72.9    ,  76.4    ,  81.7    ,  87.2    ,  84.7    ,  73.6    ,  72.4    ,  72.8    ,  77.3    ,  74.5    ,  67.0    ,  70.9    ,  77.8    ,  78.8    ,  80.0    ,  75.1    ,  74.9    ,  83.2    ,  89.9    ,  106.    ,  102.    ,  90.1    ,  95.0    ,  91.5    ,  82.8    ,  81.7    ,  85.3    ,  82.2    ,  99.5    ,  104.    ,  109.    ,  109.    ,  120.    , 0.209    , 0.195    , 0.130    , 3.273E-02, 3.491E-02, 0.207    , 9.694E-02,-7.037E-02, 9.694E-02, 1.226E-02, 0.256    , 4.347E-02,
    4418.747,Triax 2 Y_Rion2,003_40_MPH_rion_2_WR_001_20200522_011312_0001-LX01_05m22d2020y01:13:31.373,     0.0,GAIN,   1.000,    0.00,  2,DATA,    NONE, 1.000E-06, 1.020E-02,3RD_OCT, 0.25 ,  66.6    ,  80.9    ,  84.9    ,  86.5    ,  83.1    ,  70.8    ,  72.9    ,  75.2    ,  76.1    ,  74.6    ,  73.7    ,  66.9    ,  74.3    ,  74.5    ,  79.2    ,  75.5    ,  79.2    ,  84.1    ,  88.0    ,  102.    ,  109.    ,  92.8    ,  90.1    ,  92.7    ,  82.5    ,  86.4    ,  87.9    ,  82.0    ,  100.    ,  106.    ,  111.    ,  111.    ,  120.    , 0.239    , 0.218    , 0.144    , 4.045E-02, 4.037E-02, 0.237    , 9.800E-02,-8.933E-02, 9.800E-02, 4.296E-03, 0.270    , 5.099E-02,
    4419.747,Triax 2 Y_Rion2,003_40_MPH_rion_2_WR_001_20200522_011312_0001-LX01_05m22d2020y01:13:32.373,     0.0,GAIN,   1.000,    0.00,  2,DATA,    NONE, 1.000E-06, 1.020E-02,3RD_OCT, 0.25 ,  76.1    ,  79.4    ,  86.6    ,  84.8    ,  80.9    ,  69.6    ,  69.6    ,  74.5    ,  73.4    ,  72.3    ,  74.3    ,  69.0    ,  69.3    ,  80.7    ,  79.3    ,  78.9    ,  67.5    ,  79.0    ,  89.1    ,  101.    ,  111.    ,  91.0    ,  90.3    ,  91.2    ,  82.2    ,  87.8    ,  84.1    ,  84.8    ,  101.    ,  107.    ,  112.    ,  112.    ,  121.    , 0.269    , 0.243    , 0.158    , 4.059E-02, 4.223E-02, 0.267    , 8.890E-02,-8.729E-02, 8.890E-02, 1.173E-02, 0.289    , 4.996E-02,
    4420.747,Triax 2 Y_Rion2,003_40_MPH_rion_2_WR_001_20200522_011312_0001-LX01_05m22d2020y01:13:33.373,     0.0,GAIN,   1.000,    0.00,  2,DATA,    NONE, 1.000E-06, 1.020E-02,3RD_OCT, 0.25 ,  73.1    ,  83.0    ,  83.3    ,  84.2    ,  77.8    ,  68.9    ,  70.9    ,  70.9    ,  62.3    ,  70.0    ,  77.9    ,  72.9    ,  75.3    ,  82.6    ,  68.5    ,  77.8    ,  71.9    ,  84.3    ,  91.0    ,  102.    ,  113.    ,  95.5    ,  92.7    ,  93.5    ,  85.1    ,  85.6    ,  85.6    ,  91.5    ,  100.    ,  109.    ,  114.    ,  114.    ,  123.    , 0.350    , 0.316    , 0.207    , 5.663E-02, 5.636E-02, 0.347    , 0.144    ,-0.106    , 0.144    , 3.853E-04, 0.383    , 7.132E-02,
    4421.747,Triax 2 Y_Rion2,003_40_MPH_rion_2_WR_001_20200522_011312_0001-LX01_05m22d2020y01:13:34.373,     0.0,GAIN,   1.000,    0.00,  2,DATA,    NONE, 1.000E-06, 1.020E-02,3RD_OCT, 0.25 ,  76.4    ,  81.6    ,  87.3    ,  84.5    ,  73.4    ,  68.1    ,  69.8    ,  62.7    ,  70.4    ,  73.9    ,  80.5    ,  68.3    ,  73.0    ,  85.3    ,  75.9    ,  81.8    ,  79.3    ,  83.9    ,  94.5    ,  108.    ,  111.    ,  97.4    ,  92.2    ,  96.5    ,  86.7    ,  82.3    ,  85.1    ,  87.2    ,  102.    ,  108.    ,  114.    ,  114.    ,  123.    , 0.328    , 0.298    , 0.198    , 5.387E-02, 5.457E-02, 0.325    , 0.107    ,-0.130    , 0.130    , 7.379E-03, 0.370    , 6.757E-02,
    4422.747,Triax 2 Y_Rion2,003_40_MPH_rion_2_WR_001_20200522_011312_0001-LX01_05m22d2020y01:13:35.373,     0.0,GAIN,   1.000,    0.00,  2,DATA,    NONE, 1.000E-06, 1.020E-02,3RD_OCT, 0.25 ,  78.9    ,  84.5    ,  86.7    ,  83.1    ,  68.1    ,  67.0    ,  72.0    ,  64.1    ,  72.2    ,  79.8    ,  78.2    ,  76.6    ,  72.1    ,  88.5    ,  83.8    ,  79.7    ,  78.6    ,  90.1    ,  98.2    ,  108.    ,  108.    ,  104.    ,  94.9    ,  98.6    ,  87.6    ,  82.3    ,  87.0    ,  84.9    ,  102.    ,  107.    ,  112.    ,  112.    ,  123.    , 0.271    , 0.251    , 0.170    , 5.253E-02, 5.407E-02, 0.268    , 0.126    ,-0.140    , 0.140    ,-9.115E-03, 0.325    , 6.787E-02,
    4423.747,Triax 2 Y_Rion2,003_40_MPH_rion_2_WR_001_20200522_011312_0001-LX01_05m22d2020y01:13:36.373,     0.0,GAIN,   1.000,    0.00,  2,DATA,    NONE, 1.000E-06, 1.020E-02,3RD_OCT, 0.25 ,  73.5    ,  83.2    ,  84.1    ,  79.3    ,  68.8    ,  67.0    ,  70.1    ,  70.6    ,  69.7    ,  82.3    ,  83.0    ,  75.3    ,  76.6    ,  89.5    ,  83.8    ,  78.1    ,  83.7    ,  86.1    ,  97.2    ,  106.    ,  103.    ,  103.    ,  98.4    ,  99.8    ,  84.7    ,  80.7    ,  84.8    ,  81.4    ,  101.    ,  106.    ,  112.    ,  112.    ,  121.    , 0.268    , 0.250    , 0.171    , 5.301E-02, 5.234E-02, 0.265    , 0.163    ,-0.109    , 0.163    , 4.916E-03, 0.323    , 6.946E-02,
    4424.747,Triax 2 Y_Rion2,003_40_MPH_rion_2_WR_001_20200522_011312_0001-LX01_05m22d2020y01:13:37.373,     0.0,GAIN,   1.000,    0.00,  2,DATA,    NONE, 1.000E-06, 1.020E-02,3RD_OCT, 0.25 ,  81.7    ,  85.5    ,  87.5    ,  75.2    ,  72.3    ,  67.8    ,  69.7    ,  73.9    ,  70.9    ,  81.1    ,  85.5    ,  75.0    ,  79.4    ,  87.1    ,  78.9    ,  80.9    ,  89.2    ,  85.6    ,  86.9    ,  108.    ,  106.    ,  93.8    ,  98.3    ,  102.    ,  86.2    ,  89.5    ,  89.4    ,  82.3    ,  102.    ,  107.    ,  111.    ,  111.    ,  120.    , 0.219    , 0.200    , 0.136    , 4.276E-02, 4.350E-02, 0.216    , 9.932E-02,-0.117    , 0.117    , 4.382E-03, 0.252    , 5.463E-02,
    4425.747,Triax 2 Y_Rion2,003_40_MPH_rion_2_WR_001_20200522_011312_0001-LX01_05m22d2020y01:13:38.373,     0.0,GAIN,   1.000,    0.00,  2,DATA,    NONE, 1.000E-06, 1.020E-02,3RD_OCT, 0.25 ,  76.5    ,  84.1    ,  84.6    ,  73.5    ,  74.5    ,  67.7    ,  63.7    ,  75.6    ,  76.3    ,  74.5    ,  86.5    ,  75.8    ,  83.4    ,  81.4    ,  84.1    ,  89.3    ,  85.8    ,  85.6    ,  88.3    ,  104.    ,  104.    ,  94.7    ,  98.7    ,  104.    ,  89.1    ,  83.2    ,  90.9    ,  84.1    ,  101.    ,  107.    ,  110.    ,  110.    ,  120.    , 0.170    , 0.154    , 0.106    , 3.383E-02, 3.587E-02, 0.168    , 9.212E-02,-7.662E-02, 9.212E-02, 1.055E-02, 0.197    , 4.227E-02,
    4426.747,Triax 2 Y_Rion2,003_40_MPH_rion_2_WR_001_20200522_011312_0001-LX01_05m22d2020y01:13:39.373,     0.0,GAIN,   1.000,    0.00,  2,DATA,    NONE, 1.000E-06, 1.020E-02,3RD_OCT, 0.25 ,  81.5    ,  86.0    ,  83.6    ,  67.3    ,  75.7    ,  67.6    ,  56.9    ,  76.2    ,  81.5    ,  68.5    ,  87.7    ,  82.5    ,  79.5    ,  69.7    ,  81.8    ,  87.7    ,  86.0    ,  90.2    ,  97.3    ,  109.    ,  107.    ,  93.0    ,  102.    ,  105.    ,  89.4    ,  85.7    ,  88.8    ,  83.6    ,  101.    ,  109.    ,  114.    ,  114.    ,  124.    , 0.318    , 0.290    , 0.193    , 5.140E-02, 5.045E-02, 0.315    , 0.122    ,-0.145    , 0.145    , 1.011E-04, 0.364    , 6.775E-02,
    4427.747,Triax 2 Y_Rion2,003_40_MPH_rion_2_WR_001_20200522_011312_0001-LX01_05m22d2020y01:13:40.373,     0.0,GAIN,   1.000,    0.00,  2,DATA,    NONE, 1.000E-06, 1.020E-02,3RD_OCT, 0.25 ,  82.2    ,  84.5    ,  85.2    ,  67.1    ,  76.3    ,  67.0    ,  59.4    ,  76.3    ,  82.3    ,  71.1    ,  87.3    ,  81.3    ,  72.3    ,  70.5    ,  83.4    ,  89.7    ,  88.2    ,  86.5    ,  88.6    ,  108.    ,  107.    ,  97.0    ,  105.    ,  101.    ,  90.6    ,  82.4    ,  88.7    ,  84.6    ,  103.    ,  108.    ,  113.    ,  113.    ,  124.    , 0.286    , 0.264    , 0.178    , 5.139E-02, 5.138E-02, 0.283    , 9.898E-02,-0.147    , 0.147    ,-3.731E-03, 0.342    , 6.613E-02,
    4428.747,Triax 2 Y_Rion2,003_40_MPH_rion_2_WR_001_20200522_011312_0001-LX01_05m22d2020y01:13:41.373,     0.0,GAIN,   1.000,    0.00,  2,DATA,    NONE, 1.000E-06, 1.020E-02,3RD_OCT, 0.25 ,  78.0    ,  86.0    ,  80.4    ,  73.6    ,  76.3    ,  61.5    ,  67.8    ,  75.5    ,  81.6    ,  70.0    ,  84.3    ,  80.6    ,  71.2    ,  76.4    ,  79.4    ,  90.8    ,  87.0    ,  84.7    ,  97.3    ,  104.    ,  112.    ,  97.8    ,  96.6    ,  93.3    ,  90.4    ,  86.8    ,  87.6    ,  85.4    ,  103.    ,  109.    ,  114.    ,  114.    ,  123.    , 0.343    , 0.310    , 0.211    , 6.862E-02, 8.204E-02, 0.340    , 0.127    ,-0.276    , 0.276    ,-2.838E-02, 0.370    , 8.905E-02,
    4429.747,Triax 2 Y_Rion2,003_40_MPH_rion_2_WR_001_20200522_011312_0001-LX01_05m22d2020y01:13:42.373,     0.0,GAIN,   1.000,    0.00,  2,DATA,    NONE, 1.000E-06, 1.020E-02,3RD_OCT, 0.25 ,  84.6    ,  84.5    ,  80.9    ,  74.3    ,  76.1    ,  58.6    ,  69.0    ,  73.2    ,  72.4    ,  74.8    ,  83.4    ,  82.8    ,  78.1    ,  81.0    ,  74.8    ,  83.2    ,  87.6    ,  87.9    ,  95.7    ,  109.    ,  109.    ,  95.7    ,  97.4    ,  98.3    ,  89.5    ,  87.0    ,  91.2    ,  84.5    ,  103.    ,  108.    ,  113.    ,  113.    ,  124.    , 0.314    , 0.294    , 0.213    , 0.105    , 0.129    , 0.311    , 0.159    ,-0.304    , 0.304    ,-4.222E-02, 0.366    , 0.123    ,
    4430.747,Triax 2 Y_Rion2,003_40_MPH_rion_2_WR_001_20200522_011312_0001-LX01_05m22d2020y01:13:43.373,     0.0,GAIN,   1.000,    0.00,  2,DATA,    NONE, 1.000E-06, 1.020E-02,3RD_OCT, 0.25 ,  77.7    ,  85.7    ,  79.9    ,  74.7    ,  75.5    ,  64.6    ,  72.4    ,  68.0    ,  77.0    ,  72.2    ,  86.1    ,  89.0    ,  83.6    ,  82.9    ,  77.1    ,  87.7    ,  82.4    ,  84.9    ,  99.4    ,  105.    ,  108.    ,  92.1    ,  96.5    ,  96.8    ,  89.1    ,  88.3    ,  93.1    ,  88.8    ,  103.    ,  107.    ,  111.    ,  111.    ,  120.    , 0.226    , 0.209    , 0.145    , 5.051E-02, 7.459E-02, 0.224    , 0.153    ,-2.718E-02, 0.153    , 6.307E-02, 0.251    , 6.367E-02,
    4431.747,Triax 2 Y_Rion2,003_40_MPH_rion_2_WR_001_20200522_011312_0001-LX01_05m22d2020y01:13:44.373,     0.0,GAIN,   1.000,    0.00,  2,DATA,    NONE, 1.000E-06, 1.020E-02,3RD_OCT, 0.25 ,  83.9    ,  84.0    ,  73.4    ,  77.0    ,  74.4    ,  70.1    ,  72.6    ,  69.9    ,  80.6    ,  80.9    ,  86.4    ,  93.2    ,  84.5    ,  72.1    ,  77.6    ,  90.6    ,  81.8    ,  87.3    ,  95.5    ,  105.    ,  112.    ,  92.8    ,  103.    ,  99.9    ,  88.6    ,  85.6    ,  90.7    ,  85.7    ,  103.    ,  110.    ,  115.    ,  115.    ,  123.    , 0.372    , 0.339    , 0.227    , 6.471E-02, 7.277E-02, 0.368    , 0.176    ,-0.150    , 0.176    , 2.807E-02, 0.404    , 8.133E-02,
    4432.747,Triax 2 Y_Rion2,003_40_MPH_rion_2_WR_001_20200522_011312_0001-LX01_05m22d2020y01:13:45.373,     0.0,GAIN,   1.000,    0.00,  2,DATA,    NONE, 1.000E-06, 1.020E-02,3RD_OCT, 0.25 ,  83.1    ,  84.9    ,  73.7    ,  77.7    ,  72.4    ,  74.0    ,  77.9    ,  78.2    ,  80.4    ,  84.3    ,  85.1    ,  90.1    ,  78.9    ,  76.2    ,  72.2    ,  92.9    ,  91.2    ,  87.8    ,  96.9    ,  111.    ,  112.    ,  96.1    ,  104.    ,  97.4    ,  89.6    ,  87.5    ,  92.9    ,  86.3    ,  103.    ,  111.    ,  117.    ,  117.    ,  128.    , 0.515    , 0.474    , 0.315    , 8.906E-02, 9.610E-02, 0.510    , 0.252    ,-0.214    , 0.252    , 4.126E-02, 0.648    , 0.116    ,
    4433.747,Triax 2 Y_Rion2,003_40_MPH_rion_2_WR_001_20200522_011312_0001-LX01_05m22d2020y01:13:46.373,     0.0,GAIN,   1.000,    0.00,  2,DATA,    NONE, 1.000E-06, 1.020E-02,3RD_OCT, 0.25 ,  79.9    ,  82.8    ,  68.3    ,  76.0    ,  69.5    ,  76.6    ,  79.6    ,  82.4    ,  79.6    ,  83.2    ,  82.1    ,  86.1    ,  79.0    ,  81.6    ,  77.2    ,  88.7    ,  87.2    ,  87.8    ,  90.9    ,  113.    ,  113.    ,  92.4    ,  99.6    ,  95.8    ,  88.9    ,  83.3    ,  88.2    ,  84.5    ,  103.    ,  109.    ,  114.    ,  114.    ,  125.    , 0.361    , 0.332    , 0.221    , 5.802E-02, 5.935E-02, 0.358    , 0.130    ,-0.165    , 0.165    ,-7.990E-04, 0.416    , 7.320E-02,
    4434.747,Triax 2 Y_Rion2,003_40_MPH_rion_2_WR_001_20200522_011312_0001-LX01_05m22d2020y01:13:47.373,     0.0,GAIN,   1.000,    0.00,  2,DATA,    NONE, 1.000E-06, 1.020E-02,3RD_OCT, 0.25 ,  85.1    ,  83.6    ,  58.5    ,  73.3    ,  68.0    ,  78.6    ,  83.6    ,  84.1    ,  80.9    ,  79.1    ,  81.3    ,  90.4    ,  79.7    ,  76.1    ,  77.3    ,  87.1    ,  86.8    ,  81.6    ,  95.3    ,  107.    ,  110.    ,  95.1    ,  96.1    ,  98.3    ,  90.6    ,  84.1    ,  87.4    ,  82.3    ,  102.    ,  107.    ,  111.    ,  111.    ,  121.    , 0.241    , 0.221    , 0.145    , 3.903E-02, 4.575E-02, 0.239    , 7.415E-02,-0.140    , 0.140    ,-2.420E-02, 0.293    , 5.098E-02,
    4435.747,Triax 2 Y_Rion2,003_40_MPH_rion_2_WR_001_20200522_011312_0001-LX01_05m22d2020y01:13:48.373,     0.0,GAIN,   1.000,    0.00,  2,DATA,    NONE, 1.000E-06, 1.020E-02,3RD_OCT, 0.25 ,  77.3    ,  80.7    ,  53.7    ,  71.5    ,  72.2    ,  81.7    ,  84.8    ,  83.8    ,  80.1    ,  79.1    ,  82.5    ,  85.4    ,  86.4    ,  69.2    ,  81.7    ,  81.8    ,  80.1    ,  74.7    ,  95.1    ,  108.    ,  106.    ,  93.5    ,  103.    ,  99.3    ,  89.9    ,  86.7    ,  88.1    ,  83.5    ,  102.    ,  107.    ,  112.    ,  112.    ,  123.    , 0.270    , 0.249    , 0.166    , 4.702E-02, 5.099E-02, 0.268    , 0.114    ,-0.129    , 0.129    ,-1.967E-02, 0.322    , 6.139E-02,
    4436.747,Triax 2 Y_Rion2,003_40_MPH_rion_2_WR_001_20200522_011312_0001-LX01_05m22d2020y01:13:49.373,     0.0,GAIN,   1.000,    0.00,  2,DATA,    NONE, 1.000E-06, 1.020E-02,3RD_OCT, 0.25 ,  84.2    ,  81.9    ,  54.4    ,  67.1    ,  76.7    ,  84.6    ,  85.5    ,  81.5    ,  78.4    ,  80.2    ,  79.8    ,  82.7    ,  85.2    ,  68.4    ,  80.7    ,  79.3    ,  85.8    ,  85.0    ,  95.2    ,  104.    ,  107.    ,  93.1    ,  96.9    ,  100.    ,  89.6    ,  88.7    ,  86.1    ,  83.4    ,  102.    ,  107.    ,  112.    ,  112.    ,  122.    , 0.279    , 0.259    , 0.174    , 4.984E-02, 4.879E-02, 0.277    , 0.116    ,-0.132    , 0.132    ,-1.819E-03, 0.329    , 6.311E-02,
    4437.747,Triax 2 Y_Rion2,003_40_MPH_rion_2_WR_001_20200522_011312_0001-LX01_05m22d2020y01:13:50.373,     0.0,GAIN,   1.000,    0.00,  2,DATA,    NONE, 1.000E-06, 1.020E-02,3RD_OCT, 0.25 ,  82.1    ,  77.4    ,  55.3    ,  69.4    ,  80.0    ,  85.2    ,  86.1    ,  76.9    ,  80.6    ,  76.2    ,  71.1    ,  84.6    ,  81.7    ,  71.1    ,  78.0    ,  78.9    ,  88.3    ,  81.8    ,  95.7    ,  110.    ,  104.    ,  94.9    ,  101.    ,  99.6    ,  91.2    ,  85.2    ,  89.2    ,  85.4    ,  102.    ,  108.    ,  113.    ,  113.    ,  122.    , 0.314    , 0.291    , 0.195    , 5.467E-02, 5.564E-02, 0.311    , 0.112    ,-0.129    , 0.129    ,-8.339E-03, 0.349    , 6.697E-02,
    4438.747,Triax 2 Y_Rion2,003_40_MPH_rion_2_WR_001_20200522_011312_0001-LX01_05m22d2020y01:13:51.373,     0.0,GAIN,   1.000,    0.00,  2,DATA,    NONE, 1.000E-06, 1.020E-02,3RD_OCT, 0.25 ,  80.0    ,  79.9    ,  43.3    ,  74.5    ,  82.4    ,  84.3    ,  83.8    ,  72.6    ,  82.0    ,  70.2    ,  81.2    ,  79.5    ,  80.8    ,  74.0    ,  73.1    ,  81.6    ,  84.4    ,  84.7    ,  90.4    ,  115.    ,  104.    ,  93.4    ,  94.2    ,  95.4    ,  91.5    ,  85.6    ,  88.2    ,  86.3    ,  103.    ,  109.    ,  116.    ,  116.    ,  124.    , 0.470    , 0.439    , 0.293    , 7.899E-02, 7.956E-02, 0.465    , 0.181    ,-0.167    , 0.181    ,-1.005E-02, 0.506    , 9.552E-02,
    4439.747,Triax 2 Y_Rion2,003_40_MPH_rion_2_WR_001_20200522_011312_0001-LX01_05m22d2020y01:13:52.373,     0.0,GAIN,   1.000,    0.00,  2,DATA,    NONE, 1.000E-06, 1.020E-02,3RD_OCT, 0.25 ,  83.9    ,  72.4    ,  61.9    ,  77.7    ,  83.9    ,  84.6    ,  83.5    ,  75.0    ,  80.7    ,  79.2    ,  85.6    ,  80.4    ,  84.8    ,  81.5    ,  78.2    ,  79.9    ,  87.4    ,  89.9    ,  92.6    ,  113.    ,  104.    ,  95.1    ,  97.4    ,  92.3    ,  87.1    ,  82.7    ,  83.2    ,  85.2    ,  102.    ,  107.    ,  114.    ,  114.    ,  123.    , 0.346    , 0.325    , 0.220    , 6.387E-02, 6.440E-02, 0.343    , 0.167    ,-0.149    , 0.167    , 4.910E-03, 0.417    , 8.296E-02,
    4440.747,Triax 2 Y_Rion2,003_40_MPH_rion_2_WR_001_20200522_011312_0001-LX01_05m22d2020y01:13:53.373,     0.0,GAIN,   1.000,    0.00,  2,DATA,    NONE, 1.000E-06, 1.020E-02,3RD_OCT, 0.25 ,  75.4    ,  78.1    ,  65.5    ,  81.7    ,  84.8    ,  83.6    ,  80.1    ,  76.8    ,  77.3    ,  81.2    ,  84.6    ,  87.8    ,  83.7    ,  84.1    ,  85.3    ,  91.5    ,  80.6    ,  86.1    ,  90.7    ,  114.    ,  103.    ,  92.2    ,  95.6    ,  94.7    ,  87.6    ,  85.5    ,  87.7    ,  84.6    ,  103.    ,  110.    ,  116.    ,  116.    ,  127.    , 0.514    , 0.485    , 0.325    , 8.415E-02, 8.380E-02, 0.509    , 0.212    ,-0.227    , 0.227    ,-2.906E-03, 0.635    , 0.109    ,
    4441.747,Triax 2 Y_Rion2,003_40_MPH_rion_2_WR_001_20200522_011312_0001-LX01_05m22d2020y01:13:54.373,     0.0,GAIN,   1.000,    0.00,  2,DATA,    NONE, 1.000E-06, 1.020E-02,3RD_OCT, 0.25 ,  82.8    ,  70.3    ,  74.0    ,  84.7    ,  85.2    ,  80.0    ,  80.5    ,  77.0    ,  72.8    ,  81.2    ,  79.6    ,  90.3    ,  87.8    ,  86.5    ,  75.7    ,  89.6    ,  84.8    ,  87.8    ,  99.7    ,  116.    ,  111.    ,  92.9    ,  99.1    ,  93.4    ,  90.9    ,  86.3    ,  86.2    ,  84.4    ,  103.    ,  110.    ,  116.    ,  116.    ,  125.    , 0.462    , 0.428    , 0.283    , 7.225E-02, 7.233E-02, 0.458    , 0.160    ,-0.177    , 0.177    , 1.514E-03, 0.512    , 8.971E-02,
    4442.747,Triax 2 Y_Rion2,003_40_MPH_rion_2_WR_001_20200522_011312_0001-LX01_05m22d2020y01:13:55.373,     0.0,GAIN,   1.000,    0.00,  2,DATA,    NONE, 1.000E-06, 1.020E-02,3RD_OCT, 0.25 ,  79.1    ,  77.1    ,  74.1    ,  85.7    ,  85.0    ,  75.2    ,  78.6    ,  77.0    ,  73.2    ,  83.8    ,  78.2    ,  85.1    ,  80.0    ,  86.4    ,  79.6    ,  88.6    ,  87.4    ,  89.4    ,  101.    ,  113.    ,  113.    ,  96.2    ,  102.    ,  91.8    ,  87.5    ,  86.3    ,  87.0    ,  87.1    ,  103.    ,  110.    ,  116.    ,  116.    ,  127.    , 0.461    , 0.426    , 0.287    , 8.295E-02, 8.324E-02, 0.457    , 0.269    ,-0.194    , 0.269    , 2.627E-03, 0.573    , 0.111    ,
    4443.747,Triax 2 Y_Rion2,003_40_MPH_rion_2_WR_001_20200522_011312_0001-LX01_05m22d2020y01:13:56.373,     0.0,GAIN,   1.000,    0.00,  2,DATA,    NONE, 1.000E-06, 1.020E-02,3RD_OCT, 0.25 ,  79.0    ,  74.5    ,  77.6    ,  85.3    ,  84.3    ,  71.9    ,  77.5    ,  78.2    ,  71.9    ,  85.4    ,  76.2    ,  77.4    ,  92.1    ,  87.6    ,  79.5    ,  87.5    ,  87.4    ,  89.5    ,  99.2    ,  115.    ,  112.    ,  96.4    ,  97.4    ,  96.5    ,  89.7    ,  86.7    ,  87.8    ,  84.8    ,  102.    ,  111.    ,  118.    ,  118.    ,  127.    , 0.591    , 0.557    , 0.380    , 0.111    , 0.113    , 0.585    , 0.287    ,-0.245    , 0.287    ,-8.648E-03, 0.691    , 0.141    ,
    4444.747,Triax 2 Y_Rion2,003_40_MPH_rion_2_WR_001_20200522_011312_0001-LX01_05m22d2020y01:13:57.373,     0.0,GAIN,   1.000,    0.00,  2,DATA,    NONE, 1.000E-06, 1.020E-02,3RD_OCT, 0.25 ,  81.0    ,  77.0    ,  81.3    ,  85.6    ,  83.0    ,  72.7    ,  72.2    ,  79.8    ,  70.9    ,  83.1    ,  74.9    ,  85.6    ,  97.5    ,  82.8    ,  82.6    ,  83.6    ,  89.0    ,  83.9    ,  98.4    ,  113.    ,  110.    ,  93.9    ,  93.5    ,  91.1    ,  89.4    ,  84.7    ,  85.3    ,  83.6    ,  103.    ,  109.    ,  115.    ,  115.    ,  125.    , 0.408    , 0.383    , 0.264    , 8.368E-02, 8.176E-02, 0.404    , 0.234    ,-0.209    , 0.234    , 8.295E-03, 0.462    , 0.113    ,
    4445.747,Triax 2 Y_Rion2,003_40_MPH_rion_2_WR_001_20200522_011312_0001-LX01_05m22d2020y01:13:58.373,     0.0,GAIN,   1.000,    0.00,  2,DATA,    NONE, 1.000E-06, 1.020E-02,3RD_OCT, 0.25 ,  73.6    ,  77.5    ,  78.8    ,  87.0    ,  81.0    ,  74.6    ,  66.1    ,  81.3    ,  72.3    ,  76.7    ,  83.4    ,  83.4    ,  99.3    ,  78.0    ,  80.3    ,  86.4    ,  88.9    ,  87.6    ,  96.8    ,  109.    ,  107.    ,  94.8    ,  94.0    ,  94.1    ,  90.9    ,  82.1    ,  86.1    ,  82.9    ,  102.    ,  107.    ,  112.    ,  113.    ,  123.    , 0.297    , 0.276    , 0.190    , 6.156E-02, 6.171E-02, 0.294    , 0.150    ,-0.132    , 0.150    , 3.795E-03, 0.349    , 7.832E-02,
    4446.747,Triax 2 Y_Rion2,003_40_MPH_rion_2_WR_001_20200522_011312_0001-LX01_05m22d2020y01:13:59.373,     0.0,GAIN,   1.000,    0.00,  2,DATA,    NONE, 1.000E-06, 1.020E-02,3RD_OCT, 0.25 ,  80.6    ,  77.5    ,  83.1    ,  87.4    ,  78.2    ,  75.9    ,  71.9    ,  81.8    ,  75.7    ,  72.6    ,  86.4    ,  81.2    ,  94.0    ,  84.3    ,  79.1    ,  77.6    ,  86.6    ,  82.8    ,  92.9    ,  113.    ,  114.    ,  92.6    ,  98.7    ,  98.9    ,  91.6    ,  83.7    ,  87.5    ,  83.2    ,  102.    ,  112.    ,  118.    ,  118.    ,  128.    , 0.563    , 0.515    , 0.338    , 8.693E-02, 8.697E-02, 0.559    , 0.245    ,-0.177    , 0.245    ,-2.215E-03, 0.632    , 0.110    ,
    4447.747,Triax 2 Y_Rion2,003_40_MPH_rion_2_WR_001_20200522_011312_0001-LX01_05m22d2020y01:14:00.373,     0.0,GAIN,   1.000,    0.00,  2,DATA,    NONE, 1.000E-06, 1.020E-02,3RD_OCT, 0.25 ,  74.0    ,  79.1    ,  83.8    ,  85.9    ,  74.7    ,  74.2    ,  75.7    ,  81.4    ,  79.5    ,  76.7    ,  87.7    ,  77.1    ,  94.9    ,  81.3    ,  79.6    ,  82.5    ,  88.3    ,  85.1    ,  94.1    ,  113.    ,  112.    ,  93.2    ,  97.3    ,  98.3    ,  90.8    ,  85.1    ,  86.6    ,  83.1    ,  102.    ,  108.    ,  114.    ,  114.    ,  124.    , 0.346    , 0.323    , 0.219    , 6.647E-02, 6.692E-02, 0.342    , 0.156    ,-0.169    , 0.169    ,-8.345E-03, 0.448    , 8.408E-02,
    4448.747,Triax 2 Y_Rion2,003_40_MPH_rion_2_WR_001_20200522_011312_0001-LX01_05m22d2020y01:14:01.373,     0.0,GAIN,   1.000,    0.00,  2,DATA,    NONE, 1.000E-06, 1.020E-02,3RD_OCT, 0.25 ,  78.8    ,  78.0    ,  81.1    ,  83.6    ,  72.0    ,  70.5    ,  77.7    ,  80.2    ,  80.1    ,  78.5    ,  87.4    ,  79.7    ,  89.5    ,  83.4    ,  80.9    ,  88.4    ,  89.7    ,  88.1    ,  96.8    ,  106.    ,  103.    ,  92.3    ,  96.8    ,  95.6    ,  87.8    ,  83.9    ,  83.9    ,  83.1    ,  101.    ,  108.    ,  115.    ,  115.    ,  125.    , 0.435    , 0.409    , 0.275    , 7.404E-02, 7.424E-02, 0.431    , 0.237    ,-0.170    , 0.237    , 7.176E-03, 0.577    , 0.100    ,
    4449.747,Triax 2 Y_Rion2,003_40_MPH_rion_2_WR_001_20200522_011312_0001-LX01_05m22d2020y01:14:02.373,     0.0,GAIN,   1.000,    0.00,  2,DATA,    NONE, 1.000E-06, 1.020E-02,3RD_OCT, 0.25 ,  77.3    ,  79.7    ,  85.2    ,  82.6    ,  73.1    ,  69.4    ,  77.1    ,  79.1    ,  77.6    ,  78.7    ,  81.0    ,  91.0    ,  82.3    ,  89.7    ,  81.3    ,  86.1    ,  83.2    ,  88.2    ,  97.2    ,  114.    ,  114.    ,  92.7    ,  102.    ,  90.6    ,  88.1    ,  83.8    ,  86.9    ,  85.4    ,  101.    ,  110.    ,  116.    ,  116.    ,  124.    , 0.431    , 0.392    , 0.256    , 6.658E-02, 6.703E-02, 0.428    , 0.140    ,-0.185    , 0.185    ,-9.438E-03, 0.483    , 8.537E-02,
    4450.747,Triax 2 Y_Rion2,003_40_MPH_rion_2_WR_001_20200522_011312_0001-LX01_05m22d2020y01:14:03.373,     0.0,GAIN,   1.000,    0.00,  2,DATA,    NONE, 1.000E-06, 1.020E-02,3RD_OCT, 0.25 ,  75.6    ,  78.2    ,  83.6    ,  81.9    ,  75.3    ,  67.0    ,  77.2    ,  78.6    ,  68.5    ,  77.6    ,  74.4    ,  91.2    ,  87.1    ,  85.9    ,  84.5    ,  89.1    ,  88.9    ,  85.9    ,  95.7    ,  108.    ,  109.    ,  93.6    ,  98.9    ,  96.0    ,  90.0    ,  84.9    ,  85.6    ,  84.4    ,  101.    ,  106.    ,  112.    ,  112.    ,  123.    , 0.268    , 0.250    , 0.171    , 5.343E-02, 5.445E-02, 0.265    , 0.153    ,-0.111    , 0.153    ,-1.166E-02, 0.344    , 7.307E-02,
    4451.747,Triax 2 Y_Rion2,003_40_MPH_rion_2_WR_001_20200522_011312_0001-LX01_05m22d2020y01:14:04.373,     0.0,GAIN,   1.000,    0.00,  2,DATA,    NONE, 1.000E-06, 1.020E-02,3RD_OCT, 0.25 ,  79.3    ,  79.7    ,  82.0    ,  79.0    ,  76.6    ,  70.1    ,  73.0    ,  78.9    ,  69.4    ,  80.6    ,  74.1    ,  83.7    ,  82.2    ,  85.2    ,  82.5    ,  86.7    ,  87.1    ,  88.5    ,  97.7    ,  109.    ,  108.    ,  92.8    ,  99.6    ,  97.1    ,  90.3    ,  84.9    ,  88.1    ,  87.0    ,  101.    ,  108.    ,  115.    ,  115.    ,  124.    , 0.408    , 0.382    , 0.269    , 0.111    , 0.138    , 0.404    , 0.117    ,-0.358    , 0.358    ,-8.031E-02, 0.487    , 0.147    ,
    4452.747,Triax 2 Y_Rion2,003_40_MPH_rion_2_WR_001_20200522_011312_0001-LX01_05m22d2020y01:14:05.373,     0.0,GAIN,   1.000,    0.00,  2,DATA,    NONE, 1.000E-06, 1.020E-02,3RD_OCT, 0.25 ,  71.7    ,  78.0    ,  84.7    ,  72.8    ,  77.2    ,  70.8    ,  69.6    ,  79.4    ,  74.2    ,  83.0    ,  81.9    ,  89.1    ,  84.9    ,  81.8    ,  82.2    ,  87.9    ,  89.4    ,  85.2    ,  95.7    ,  112.    ,  107.    ,  92.6    ,  98.8    ,  97.3    ,  89.2    ,  88.6    ,  87.9    ,  85.3    ,  101.    ,  107.    ,  113.    ,  113.    ,  123.    , 0.309    , 0.290    , 0.206    , 8.091E-02, 8.267E-02, 0.306    , 0.205    ,-0.193    , 0.205    , 3.690E-02, 0.362    , 0.102    ,
    4453.747,Triax 2 Y_Rion2,003_40_MPH_rion_2_WR_001_20200522_011312_0001-LX01_05m22d2020y01:14:06.373,     0.0,GAIN,   1.000,    0.00,  2,DATA,    NONE, 1.000E-06, 1.020E-02,3RD_OCT, 0.25 ,  79.8    ,  79.0    ,  81.1    ,  65.1    ,  77.1    ,  68.8    ,  63.8    ,  79.6    ,  78.0    ,  81.6    ,  88.7    ,  89.8    ,  80.6    ,  79.5    ,  80.4    ,  81.1    ,  85.2    ,  87.9    ,  99.2    ,  113.    ,  106.    ,  91.7    ,  97.2    ,  96.4    ,  87.0    ,  84.6    ,  92.6    ,  87.5    ,  100.    ,  108.    ,  115.    ,  115.    ,  123.    , 0.449    , 0.422    , 0.292    , 0.102    , 0.114    , 0.444    , 0.308    ,-0.256    , 0.308    , 3.460E-02, 0.503    , 0.129    ,
    4454.747,Triax 2 Y_Rion2,003_40_MPH_rion_2_WR_001_20200522_011312_0001-LX01_05m22d2020y01:14:07.373,     0.0,GAIN,   1.000,    0.00,  2,DATA,    NONE, 1.000E-06, 1.020E-02,3RD_OCT, 0.25 ,  75.0    ,  77.1    ,  80.9    ,  60.0    ,  76.7    ,  67.0    ,  61.8    ,  79.6    ,  83.4    ,  85.3    ,  92.3    ,  88.0    ,  88.1    ,  85.5    ,  82.6    ,  88.7    ,  87.8    ,  87.1    ,  98.2    ,  115.    ,  107.    ,  92.8    ,  96.5    ,  101.    ,  84.4    ,  86.9    ,  95.2    ,  88.9    ,  101.    ,  110.    ,  116.    ,  116.    ,  126.    , 0.500    , 0.473    , 0.322    , 9.664E-02, 9.533E-02, 0.495    , 0.250    ,-0.177    , 0.250    , 3.990E-03, 0.590    , 0.131    ,
    4455.747,Triax 2 Y_Rion2,003_40_MPH_rion_2_WR_001_20200522_011312_0001-LX01_05m22d2020y01:14:08.373,     0.0,GAIN,   1.000,    0.00,  2,DATA,    NONE, 1.000E-06, 1.020E-02,3RD_OCT, 0.25 ,  78.3    ,  77.7    ,  81.6    ,  67.0    ,  76.1    ,  62.9    ,  66.8    ,  80.1    ,  86.8    ,  88.9    ,  93.1    ,  86.8    ,  92.9    ,  82.6    ,  84.7    ,  90.5    ,  87.9    ,  89.3    ,  97.2    ,  111.    ,  105.    ,  92.5    ,  98.8    ,  101.    ,  84.8    ,  84.6    ,  90.5    ,  84.1    ,  102.    ,  106.    ,  111.    ,  111.    ,  121.    , 0.230    , 0.217    , 0.151    , 4.393E-02, 6.736E-02, 0.227    , 7.333E-02,-0.142    , 0.142    ,-4.925E-02, 0.293    , 5.641E-02,
    4456.747,Triax 2 Y_Rion2,003_40_MPH_rion_2_WR_001_20200522_011312_0001-LX01_05m22d2020y01:14:09.373,     0.0,GAIN,   1.000,    0.00,  2,DATA,    NONE, 1.000E-06, 1.020E-02,3RD_OCT, 0.25 ,  79.3    ,  75.6    ,  76.3    ,  72.4    ,  75.6    ,  69.8    ,  73.9    ,  81.6    ,  86.3    ,  86.7    ,  95.2    ,  82.6    ,  85.6    ,  87.0    ,  79.9    ,  85.8    ,  87.8    ,  87.2    ,  91.5    ,  103.    ,  101.    ,  95.6    ,  98.8    ,  96.1    ,  84.1    ,  84.7    ,  87.8    ,  85.8    ,  103.    ,  108.    ,  115.    ,  115.    ,  125.    , 0.419    , 0.395    , 0.265    , 7.215E-02, 7.594E-02, 0.415    , 0.132    ,-0.268    , 0.268    ,-2.930E-02, 0.573    , 0.100    ,
    4457.747,Triax 2 Y_Rion2,003_40_MPH_rion_2_WR_001_20200522_011312_0001-LX01_05m22d2020y01:14:10.373,     0.0,GAIN,   1.000,    0.00,  2,DATA,    NONE, 1.000E-06, 1.020E-02,3RD_OCT, 0.25 ,  73.7    ,  75.3    ,  76.8    ,  72.7    ,  76.0    ,  76.6    ,  81.2    ,  83.2    ,  83.1    ,  78.7    ,  94.9    ,  86.7    ,  77.9    ,  84.6    ,  81.6    ,  81.2    ,  89.0    ,  80.6    ,  95.3    ,  114.    ,  105.    ,  94.8    ,  93.2    ,  95.6    ,  83.1    ,  82.1    ,  86.0    ,  85.0    ,  100.    ,  105.    ,  111.    ,  111.    ,  121.    , 0.256    , 0.243    , 0.174    , 7.090E-02, 9.544E-02, 0.253    , 0.263    ,-9.228E-03, 0.263    , 7.495E-02, 0.327    , 8.911E-02,
    4458.747,Triax 2 Y_Rion2,003_40_MPH_rion_2_WR_001_20200522_011312_0001-LX01_05m22d2020y01:14:11.373,     0.0,GAIN,   1.000,    0.00,  2,DATA,    NONE, 1.000E-06, 1.020E-02,3RD_OCT, 0.25 ,  80.7    ,  72.5    ,  74.7    ,  70.0    ,  77.5    ,  79.4    ,  83.0    ,  83.8    ,  78.0    ,  84.2    ,  89.8    ,  80.2    ,  85.7    ,  79.3    ,  83.4    ,  80.8    ,  84.4    ,  84.7    ,  90.0    ,  107.    ,  101.    ,  91.5    ,  87.6    ,  93.8    ,  79.2    ,  80.5    ,  83.0    ,  85.0    ,  99.5    ,  103.    ,  109.    ,  109.    ,  119.    , 0.193    , 0.182    , 0.127    , 4.757E-02, 8.563E-02, 0.191    , 0.163    ,-4.247E-02, 0.163    , 7.040E-02, 0.231    , 6.021E-02,
    4459.747,Triax 2 Y_Rion2,003_40_MPH_rion_2_WR_001_20200522_011312_0001-LX01_05m22d2020y01:14:12.373,     0.0,GAIN,   1.000,    0.00,  2,DATA,    NONE, 1.000E-06, 1.020E-02,3RD_OCT, 0.25 ,  74.5    ,  70.8    ,  66.8    ,  66.6    ,  79.7    ,  80.2    ,  85.2    ,  83.2    ,  73.5    ,  85.5    ,  85.8    ,  86.7    ,  84.2    ,  79.7    ,  78.4    ,  78.1    ,  76.0    ,  86.8    ,  92.6    ,  103.    ,  103.    ,  96.6    ,  88.5    ,  91.8    ,  82.9    ,  80.6    ,  84.2    ,  78.5    ,  96.8    ,  103.    ,  108.    ,  108.    ,  118.    , 0.182    , 0.167    , 0.116    , 4.452E-02, 6.505E-02, 0.180    , 0.170    ,-7.944E-02, 0.170    , 3.311E-02, 0.208    , 5.695E-02,
    4460.747,Triax 2 Y_Rion2,003_40_MPH_rion_2_WR_001_20200522_011312_0001-LX01_05m22d2020y01:14:13.373,     0.0,GAIN,   1.000,    0.00,  2,DATA,    NONE, 1.000E-06, 1.020E-02,3RD_OCT, 0.25 ,  79.0    ,  66.3    ,  67.2    ,  61.8    ,  81.7    ,  81.7    ,  85.3    ,  81.2    ,  73.0    ,  77.3    ,  89.1    ,  80.0    ,  77.1    ,  80.6    ,  80.4    ,  76.3    ,  74.4    ,  79.9    ,  87.1    ,  106.    ,  107.    ,  90.9    ,  87.9    ,  87.4    ,  82.9    ,  81.0    ,  84.7    ,  79.7    ,  95.4    ,  103.    ,  110.    ,  110.    ,  119.    , 0.232    , 0.217    , 0.154    , 6.477E-02, 7.509E-02, 0.230    , 9.911E-02,-0.160    , 0.160    ,-4.516E-02, 0.260    , 8.061E-02,
    4461.747,Triax 2 Y_Rion2,003_40_MPH_rion_2_WR_001_20200522_011312_0001-LX01_05m22d2020y01:14:14.373,     0.0,GAIN,   1.000,    0.00,  2,DATA,    NONE, 1.000E-06, 1.020E-02,3RD_OCT, 0.25 ,  79.1    ,  60.4    ,  58.3    ,  71.1    ,  83.2    ,  82.0    ,  83.6    ,  77.3    ,  73.0    ,  83.3    ,  88.1    ,  79.2    ,  79.4    ,  79.5    ,  73.0    ,  80.6    ,  77.9    ,  76.7    ,  89.0    ,  108.    ,  103.    ,  85.4    ,  90.6    ,  87.1    ,  80.6    ,  79.2    ,  82.0    ,  79.1    ,  95.6    ,  102.    ,  109.    ,  110.    ,  118.    , 0.205    , 0.194    , 0.145    , 6.289E-02, 0.159    , 0.203    , 1.391E-03,-0.260    , 0.260    ,-0.150    , 0.239    , 8.357E-02,
    4462.747,Triax 2 Y_Rion2,003_40_MPH_rion_2_WR_001_20200522_011312_0001-LX01_05m22d2020y01:14:15.373,     0.0,GAIN,   1.000,    0.00,  2,DATA,    NONE, 1.000E-06, 1.020E-02,3RD_OCT, 0.25 ,  73.1    ,  61.7    ,  68.6    ,  76.7    ,  84.1    ,  80.9    ,  82.3    ,  68.4    ,  78.1    ,  80.1    ,  81.1    ,  81.0    ,  81.6    ,  75.1    ,  81.6    ,  77.0    ,  81.3    ,  82.8    ,  90.3    ,  110.    ,  99.9    ,  84.4    ,  89.7    ,  88.7    ,  81.0    ,  84.0    ,  82.7    ,  80.4    ,  95.7    ,  104.    ,  111.    ,  111.    ,  121.    , 0.273    , 0.260    , 0.196    , 0.107    , 9.076E-02, 0.270    , 0.177    ,-0.118    , 0.177    , 6.526E-02, 0.336    , 0.142    ,
    4463.747,Triax 2 Y_Rion2,003_40_MPH_rion_2_WR_001_20200522_011312_0001-LX01_05m22d2020y01:14:16.373,     0.0,GAIN,   1.000,    0.00,  2,DATA,    NONE, 1.000E-06, 1.020E-02,3RD_OCT, 0.25 ,  79.4    ,  71.3    ,  68.0    ,  78.9    ,  84.5    ,  80.4    ,  79.1    ,  68.9    ,  80.3    ,  83.4    ,  87.4    ,  89.4    ,  76.6    ,  78.8    ,  82.4    ,  73.8    ,  84.3    ,  88.8    ,  95.4    ,  109.    ,  104.    ,  90.5    ,  88.1    ,  89.7    ,  83.3    ,  80.3    ,  83.5    ,  80.0    ,  96.7    ,  104.    ,  111.    ,  111.    ,  121.    , 0.272    , 0.256    , 0.175    , 5.568E-02, 6.614E-02, 0.269    , 0.169    ,-7.818E-02, 0.169    , 4.535E-02, 0.326    , 6.793E-02,
    4464.747,Triax 2 Y_Rion2,003_40_MPH_rion_2_WR_001_20200522_011312_0001-LX01_05m22d2020y01:14:17.373,     0.0,GAIN,   1.000,    0.00,  2,DATA,    NONE, 1.000E-06, 1.020E-02,3RD_OCT, 0.25 ,  72.5    ,  70.9    ,  74.6    ,  80.8    ,  84.4    ,  81.5    ,  78.8    ,  76.0    ,  81.3    ,  90.8    ,  87.8    ,  91.7    ,  82.1    ,  78.6    ,  81.5    ,  69.4    ,  83.0    ,  84.2    ,  96.6    ,  108.    ,  101.    ,  87.5    ,  86.3    ,  88.7    ,  82.0    ,  82.1    ,  84.0    ,  81.3    ,  96.6    ,  101.    ,  107.    ,  107.    ,  118.    , 0.167    , 0.156    , 0.104    , 2.960E-02, 3.504E-02, 0.165    , 0.128    ,-6.045E-02, 0.128    , 1.217E-02, 0.198    , 3.720E-02,
    4465.747,Triax 2 Y_Rion2,003_40_MPH_rion_2_WR_001_20200522_011312_0001-LX01_05m22d2020y01:14:18.373,     0.0,GAIN,   1.000,    0.00,  2,DATA,    NONE, 1.000E-06, 1.020E-02,3RD_OCT, 0.25 ,  75.3    ,  77.2    ,  75.0    ,  83.6    ,  84.2    ,  83.8    ,  79.1    ,  78.7    ,  81.4    ,  91.0    ,  91.7    ,  83.8    ,  75.2    ,  78.5    ,  71.4    ,  78.8    ,  80.3    ,  86.7    ,  91.0    ,  102.    ,  94.3    ,  80.9    ,  85.9    ,  90.8    ,  82.0    ,  77.5    ,  84.1    ,  79.6    ,  95.4    ,  99.3    ,  104.    ,  104.    ,  115.    , 0.115    , 0.107    , 7.332E-02, 2.151E-02, 2.027E-02, 0.114    , 4.961E-02,-4.374E-02, 4.961E-02, 4.104E-03, 0.132    , 2.792E-02,
    4466.747,Triax 2 Y_Rion2,003_40_MPH_rion_2_WR_001_20200522_011312_0001-LX01_05m22d2020y01:14:19.373,     0.0,GAIN,   1.000,    0.00,  2,DATA,    NONE, 1.000E-06, 1.020E-02,3RD_OCT, 0.25 ,  74.6    ,  75.5    ,  74.9    ,  85.6    ,  84.1    ,  87.1    ,  77.2    ,  79.7    ,  79.5    ,  88.9    ,  87.6    ,  84.9    ,  72.5    ,  73.7    ,  69.7    ,  73.4    ,  79.7    ,  84.7    ,  82.2    ,  102.    ,  90.9    ,  79.6    ,  86.1    ,  93.8    ,  80.5    ,  76.5    ,  83.0    ,  82.6    ,  94.6    ,  98.4    ,  102.    ,  102.    ,  112.    , 7.210E-02, 6.760E-02, 4.724E-02, 1.649E-02, 1.658E-02, 7.134E-02, 3.792E-02,-4.469E-02, 4.469E-02, 5.010E-04, 8.462E-02, 2.052E-02,
    4467.747,Triax 2 Y_Rion2,003_40_MPH_rion_2_WR_001_20200522_011312_0001-LX01_05m22d2020y01:14:20.373,     0.0,GAIN,   1.000,    0.00,  2,DATA,    NONE, 1.000E-06, 1.020E-02,3RD_OCT, 0.25 ,  64.5    ,  80.5    ,  79.5    ,  85.9    ,  84.2    ,  89.2    ,  73.8    ,  80.0    ,  78.3    ,  84.8    ,  79.8    ,  83.2    ,  77.4    ,  78.7    ,  70.8    ,  68.7    ,  77.3    ,  79.0    ,  71.8    ,  95.6    ,  93.1    ,  80.9    ,  89.6    ,  93.6    ,  81.1    ,  80.1    ,  83.7    ,  81.2    ,  95.4    ,  98.6    ,  101.    ,  101.    ,  113.    , 6.006E-02, 5.510E-02, 3.780E-02, 1.234E-02, 1.445E-02, 5.949E-02, 2.854E-02,-3.573E-02, 3.573E-02,-8.530E-03, 7.414E-02, 1.522E-02,
    4468.747,Triax 2 Y_Rion2,003_40_MPH_rion_2_WR_001_20200522_011312_0001-LX01_05m22d2020y01:14:21.373,     0.0,GAIN,   1.000,    0.00,  2,DATA,    NONE, 1.000E-06, 1.020E-02,3RD_OCT, 0.25 ,  68.5    ,  78.1    ,  78.3    ,  85.2    ,  84.5    ,  89.3    ,  76.3    ,  79.8    ,  78.2    ,  74.3    ,  81.6    ,  79.2    ,  72.6    ,  74.6    ,  65.7    ,  65.2    ,  78.2    ,  71.6    ,  75.4    ,  92.0    ,  88.8    ,  77.9    ,  94.0    ,  89.1    ,  81.8    ,  80.6    ,  82.4    ,  80.6    ,  93.8    ,  97.4    ,  99.3    ,  99.4    ,  110.    , 4.274E-02, 3.842E-02, 2.714E-02, 1.068E-02, 1.047E-02, 4.234E-02, 2.531E-02,-2.770E-02, 2.770E-02,-2.535E-03, 4.918E-02, 1.352E-02,
    4469.747,Triax 2 Y_Rion2,003_40_MPH_rion_2_WR_001_20200522_011312_0001-LX01_05m22d2020y01:14:22.373,     0.0,GAIN,   1.000,    0.00,  2,DATA,    NONE, 1.000E-06, 1.020E-02,3RD_OCT, 0.25 ,  60.6    ,  82.4    ,  79.0    ,  85.2    ,  84.8    ,  89.5    ,  80.4    ,  78.7    ,  77.3    ,  68.8    ,  74.4    ,  77.3    ,  74.4    ,  68.0    ,  70.1    ,  74.1    ,  75.3    ,  67.4    ,  76.9    ,  93.1    ,  89.6    ,  81.0    ,  87.5    ,  86.6    ,  78.6    ,  82.1    ,  81.6    ,  80.7    ,  92.9    ,  96.3    ,  98.7    ,  98.7    ,  109.    , 4.545E-02, 4.195E-02, 2.868E-02, 9.843E-03, 1.087E-02, 4.505E-02, 2.272E-02,-2.614E-02, 2.614E-02,-3.240E-03, 5.608E-02, 1.238E-02,
